case_id,text,your_risk_label
SYN-ATROC-2026-00956,"I filed my complaint recently, and they keep referring my case to another department. I'm finding it hard to stay hopeful.",low
SYN-ATROC-2026-00285,"I filed my complaint recently, and they keep referring my case to another department. I'm doing okay, trying to stay hopeful.",low
SYN-ATROC-2026-01019,"I filed my complaint recently, and they keep referring my case to another department. I'm finding it hard to stay hopeful.",low
SYN-ATROC-2026-00983,"I filed my complaint recently, and they keep referring my case to another department. I'm still recovering from what happened. Some days i just feel exhausted by it all.",low
SYN-ATROC-2026-00444,"It's been 68 days and my case is still dragging on, and the chargesheet has been filed but i haven't heard anything since. I'm still recovering from what happened. I can't afford to keep going back and forth for this. I'm finding it hard to stay hopeful.",medium
SYN-ATROC-2026-01046,"It's been 19 days since i filed my complaint, and they closed my case saying there wasn't enough evidence. I'm managing but it's tough some days.",low
SYN-ATROC-2026-00107,"I filed my complaint recently, and they closed my case saying there wasn't enough evidence. I feel hopeless about all this.",medium
SYN-ATROC-2026-00450,"I filed my complaint recently, and they closed my case saying there wasn't enough evidence. I don't know how much longer i can keep going.",high
SYN-ATROC-2026-00791,"I filed my complaint recently, and my case is just sitting pending review. I'm still recovering from what happened. Some days i just feel exhausted by it all.",low
SYN-ATROC-2026-00208,"It's been over 262 days and nothing seems to be moving, and the investigation is still going on. I'm finding it hard to stay hopeful.",medium
SYN-ATROC-2026-00810,"I filed my complaint recently, and the investigation is still going on. I'm managing but it's tough some days.",low
SYN-ATROC-2026-01300,"It's been 72 days and my case is still dragging on, and they're still doing a preliminary inquiry. Someone from the other side keeps following me. People in my community have been pressuring me to drop it. I feel hopeless about all this.",high
SYN-ATROC-2026-01142,"I filed my complaint recently, and my case is just sitting pending review. The injury still bothers me sometimes. Some days i just feel exhausted by it all.",low
SYN-ATROC-2026-00340,"It's been 151 days and my case is still dragging on, and the chargesheet has been filed but i haven't heard anything since. I can't afford to keep going back and forth for this. I'm managing but it's tough some days.",medium
SYN-ATROC-2026-00701,"It's been 32 days since i filed my complaint, and they keep referring my case to another department. I feel unsafe going out alone now. I'm doing okay, trying to stay hopeful.",medium